Date;Urals;Exchange;day;Base;Urals_b
12.01.2015;45.05;56.2584;1;0;
13.01.2015;43.28;62.7363;2;0;
14.01.2015;43.97;64.8425;3;0;
15.01.2015;45.81;66.0983;4;0;
16.01.2015;46.03;64.8337;5;0;
19.01.2015;45.38;64.8337;6;0;
20.01.2015;45.19;64.9732;7;0;
21.01.2015;45.2;64.9862;8;0;
22.01.2015;44.79;65.5558;9;0;
23.01.2015;45.39;65.4;10;0;
26.01.2015;45.22;65.4;11;0;
27.01.2015;45.95;65.5937;12;0;
28.01.2015;46.47;67.8153;13;0;
29.01.2015;46.21;67.1506;14;0;
30.01.2015;47.62;68.7303;15;0;
02.02.2015;51.84;68.7303;16;0;
03.02.2015;54.51;69.664;17;0;
04.02.2015;55.17;67.7727;18;0;
05.02.2015;56.08;65.447;19;0;
06.02.2015;55.73;68.6113;20;0;
09.02.2015;56.85;68.6113;21;0;
10.02.2015;55.64;65.7817;22;0;
11.02.2015;53.33;65.4469;23;0;
12.02.2015;56.08;66.0585;24;0;
13.02.2015;60.18;66.0994;25;0;
16.02.2015;61.42;66.0994;26;0;
17.02.2015;60.63;62.6632;27;0;
18.02.2015;60.57;62.8353;28;0;
19.02.2015;58.63;62.4001;29;0;
20.02.2015;60.84;62.1307;30;0;
23.02.2015;59.63;62.1307;31;0;
24.02.2015;60.18;62.1307;32;0;
25.02.2015;58.92;63.5083;33;0;
26.02.2015;60.54;62.5906;34;0;
27.02.2015;60.49;60.7109;35;0;
02.03.2015;59.35;60.7109;36;0;
03.03.2015;59.78;62.2248;37;0;
04.03.2015;57.83;62.3649;38;0;
05.03.2015;58.98;61.8745;39;0;
06.03.2015;57.8;61.8457;40;0;
09.03.2015;57.32;61.8457;41;0;
10.03.2015;54.6;61.8457;42;0;
11.03.2015;55.51;60.6649;43;0;
12.03.2015;55.66;62.6797;44;0;
13.03.2015;53.8;60.9595;45;0;
16.03.2015;51;60.9595;46;0;
17.03.2015;51.17;62.1497;47;0;
18.03.2015;51.59;61.751;48;0;
19.03.2015;51.51;61.3483;49;0;
20.03.2015;52.43;59.8308;50;0;
23.03.2015;52.37;59.8308;51;0;
24.03.2015;52.36;59.4452;52;0;
25.03.2015;52.93;58.771;53;0;
26.03.2015;55.77;57.3879;54;0;
27.03.2015;55.19;56.4271;55;0;
30.03.2015;52.74;56.4271;56;0;
31.03.2015;52.44;58.4643;57;0;
01.04.2015;54.98;57.65;58;0;
02.04.2015;53.36;58.3536;59;0;
07.04.2015;57.05;56.5161;60;0;
08.04.2015;55.92;55.3328;61;0;
09.04.2015;55.54;54.027;62;0;
10.04.2015;56.32;52.5424;63;0;
13.04.2015;56.14;52.5424;64;0;
14.04.2015;56.69;52.422;65;0;
15.04.2015;58.32;51.9749;66;0;
16.04.2015;59.63;50.5033;67;0;
17.04.2015;61.31;49.6749;68;0;
20.04.2015;60.8;49.6749;69;0;
21.04.2015;59.15;51.5207;70;0;
22.04.2015;59.97;53.9728;71;0;
23.04.2015;62.51;53.6555;72;0;
24.04.2015;62.81;51.6011;73;0;
27.04.2015;62.71;51.6011;74;0;
28.04.2015;62.46;51.469;75;0;
29.04.2015;63.82;52.3041;76;0;
30.04.2015;63.1;51.7029;77;0;
01.05.2015;63.33;51.1388;78;0;
05.05.2015;64.64;51.1388;79;0;
06.05.2015;64.97;51.7574;80;0;
07.05.2015;63.93;49.9816;81;0;
08.05.2015;62.97;50.3615;82;0;
11.05.2015;62.27;50.3615;83;0;
12.05.2015;64.54;50.3615;84;0;
13.05.2015;65.88;50.914;85;0;
14.05.2015;65.13;49.5366;86;0;
15.05.2015;64.24;50.0774;87;0;
18.05.2015;64.7;50.0774;88;0;
19.05.2015;63.03;49.2175;89;0;
20.05.2015;63.07;49.1777;90;0;
21.05.2015;64.25;49.7919;91;0;
22.05.2015;64.07;49.9204;92;0;
26.05.2015;60.85;49.8613;93;0;
27.05.2015;60.55;50.3223;94;0;
28.05.2015;59.32;51.0178;95;0;
29.05.2015;62.36;52.2907;96;0;
01.06.2015;62.57;52.2907;97;0;
02.06.2015;63.14;52.8213;98;0;
03.06.2015;62.88;53.4413;99;0;
04.06.2015;60.44;53.059;100;0;
05.06.2015;60.16;54.9908;101;0;
08.06.2015;61.13;54.9908;102;0;
09.06.2015;63.18;56.0435;103;0;
10.06.2015;64.63;55.91;104;0;
11.06.2015;63.71;54.8219;105;0;
12.06.2015;63.14;54.5285;106;0;
15.06.2015;60.94;54.5285;107;0;
16.06.2015;60.7;55.2679;108;0;
17.06.2015;60.52;54.0409;109;0;
18.06.2015;61.32;53.8999;110;0;
19.06.2015;59.36;53.3301;111;0;
22.06.2015;60.49;53.3301;112;0;
23.06.2015;61.62;53.5569;113;0;
24.06.2015;61.58;54.2081;114;0;
25.06.2015;60.19;54.0746;115;0;
26.06.2015;60.09;54.6026;116;0;
29.06.2015;58.98;54.6026;117;0;
30.06.2015;60.26;55.524;118;0;
01.07.2015;61.6;55.8413;119;0;
02.07.2015;61.68;55.4756;120;0;
03.07.2015;59.01;55.6555;121;0;
06.07.2015;57.14;55.6555;122;0;
07.07.2015;54.67;56.4112;123;0;
08.07.2015;55.65;57.2192;124;0;
09.07.2015;57.58;57.2174;125;0;
10.07.2015;57.47;56.9803;126;0;
13.07.2015;57.38;56.9803;127;0;
14.07.2015;56.95;56.6079;128;0;
15.07.2015;56.84;56.9774;129;0;
16.07.2015;56.81;56.6642;130;0;
17.07.2015;55.88;56.9504;131;0;
20.07.2015;55.72;56.9504;132;0;
21.07.2015;55.14;56.8336;133;0;
22.07.2015;55.21;57.0025;134;0;
23.07.2015;54.61;57.0232;135;0;
24.07.2015;52.84;57.3578;136;0;
27.07.2015;52.62;57.3578;137;0;
28.07.2015;52.85;58.7816;138;0;
29.07.2015;53.28;60.2231;139;0;
30.07.2015;52.84;59.7665;140;0;
31.07.2015;51.84;58.9906;141;0;
03.08.2015;48.04;58.9906;142;0;
04.08.2015;47.63;62.4677;143;0;
05.08.2015;47.89;62.9182;144;0;
06.08.2015;46.65;62.7184;145;0;
07.08.2015;46.54;63.8644;146;0;
10.08.2015;47.3;63.8644;147;0;
11.08.2015;46.33;64.4977;148;0;
12.08.2015;47.84;63.2098;149;0;
13.08.2015;47.41;65.0169;150;0;
14.08.2015;46.99;63.9988;151;0;
17.08.2015;46.77;63.9988;152;0;
18.08.2015;46;65.5034;153;0;
19.08.2015;44.75;65.8289;154;0;
20.08.2015;44.63;65.7222;155;0;
21.08.2015;43.04;66.9608;156;0;
24.08.2015;40.79;66.9608;157;0;
25.08.2015;41.06;70.7465;158;0;
26.08.2015;41.11;69.9461;159;0;
27.08.2015;43.81;69.3142;160;0;
28.08.2015;47.07;67.4473;161;0;
01.09.2015;47.9;66.7152;162;0;
02.09.2015;47.17;65.3495;163;0;
03.09.2015;50.01;66.6756;164;0;
04.09.2015;48.19;67.0102;165;0;
07.09.2015;46.02;67.0102;166;0;
08.09.2015;48.53;68.4864;167;0;
09.09.2015;47.69;68.7932;168;0;
10.09.2015;47.42;67.6219;169;0;
11.09.2015;46.52;68.4961;170;0;
14.09.2015;45.52;68.4961;171;0;
15.09.2015;45.56;67.9571;172;0;
16.09.2015;49;67.1574;173;0;
17.09.2015;47.92;65.9273;174;0;
18.09.2015;46.48;65.3623;175;0;
21.09.2015;47.14;65.3623;176;0;
22.09.2015;46.19;66.1455;177;0;
23.09.2015;47.4;66.1747;178;0;
24.09.2015;46.26;66.041;179;0;
25.09.2015;46.08;66.5151;180;0;
28.09.2015;44.84;66.5151;181;0;
29.09.2015;46.48;65.547;182;0;
30.09.2015;45.94;66.2367;183;0;
01.10.2015;46.13;65.7364;184;0;
02.10.2015;45.45;65.0336;185;0;
05.10.2015;48.35;65.0336;186;0;
06.10.2015;50.24;65.6248;187;0;
07.10.2015;50.56;65.0962;188;0;
08.10.2015;51.03;62.7061;189;0;
09.10.2015;51.13;62.2942;190;0;
12.10.2015;49.75;62.2942;191;0;
13.10.2015;47.74;61.1535;192;0;
14.10.2015;47.35;62.2237;193;0;
15.10.2015;47.07;63.1248;194;0;
16.10.2015;48.06;62.2433;195;0;
19.10.2015;46.61;62.2433;196;0;
20.10.2015;46.03;61.4419;197;0;
21.10.2015;45.82;62.162;198;0;
22.10.2015;45.69;62.6309;199;0;
23.10.2015;45.4;62.7888;200;0;
26.10.2015;45.67;62.7888;201;0;
27.10.2015;44.64;62.5038;202;0;
28.10.2015;46;63.5004;203;0;
29.10.2015;46.44;65.3159;204;0;
30.10.2015;46.4;64.1686;205;0;
02.11.2015;45.66;64.1686;206;0;
03.11.2015;46.1;63.7993;207;0;
04.11.2015;45.11;63.8525;208;0;
05.11.2015;45.34;63.8525;209;0;
06.11.2015;44.24;63.3991;210;0;
09.11.2015;43.53;63.3991;211;0;
10.11.2015;44.59;64.6606;212;0;
11.11.2015;43.13;64.3908;213;0;
12.11.2015;41.79;64.5693;214;0;
13.11.2015;40.13;65.4541;215;0;
16.11.2015;38.33;65.4541;216;0;
17.11.2015;39.13;66.4607;217;0;
18.11.2015;39.3;65.4799;218;0;
19.11.2015;40.07;64.7785;219;0;
20.11.2015;40.43;64.912;220;0;
23.11.2015;41.8;64.912;221;0;
24.11.2015;42.63;65.5973;222;0;
25.11.2015;42.06;65.621;223;0;
26.11.2015;42.05;65.4789;224;0;
27.11.2015;42.02;65.6836;225;0;
30.11.2015;42.88;65.6836;226;0;
01.12.2015;42.12;66.737;227;0;
02.12.2015;41.07;66.2584;228;0;
03.12.2015;41.15;66.7402;229;0;
04.12.2015;40.59;67.7691;230;0;
07.12.2015;38.39;67.7691;231;0;
08.12.2015;38.19;68.5156;232;0;
09.12.2015;37.59;69.3026;233;0;
10.12.2015;37.2;69.2;234;0;
11.12.2015;35.74;69.2151;235;0;
14.12.2015;35.26;69.2151;236;0;
15.12.2015;36.06;70.2244;237;0;
16.12.2015;35.56;70.8295;238;0;
17.12.2015;34.89;70.4012;239;0;
18.12.2015;35.36;70.5806;240;0;
21.12.2015;34.34;70.5806;241;0;
22.12.2015;33.61;71.2553;242;0;
23.12.2015;34.39;71.1211;243;0;
24.12.2015;35.72;70.9333;244;0;
29.12.2015;35.4;70.7865;245;0;
30.12.2015;34.6;72.5066;246;0;
31.12.2015;35.16;72.8827;247;0;
04.01.2016;34.83;72.8827;248;0;
05.01.2016;33.96;72.8827;249;0;
06.01.2016;32.29;72.8827;250;0;
07.01.2016;32.22;72.8827;251;0;
08.01.2016;30.32;72.8827;252;0;
11.01.2016;28.54;72.8827;253;0;
12.01.2016;27.34;75.9507;254;0;
13.01.2016;26.78;76.6041;255;0;
14.01.2016;27.04;76.4275;256;0;
15.01.2016;27;76.523;257;0;
18.01.2016;25.56;76.523;258;0;
19.01.2016;25.52;78.6678;259;0;
20.01.2016;24.51;78.4862;260;0;
21.01.2016;26.09;79.4614;261;0;
22.01.2016;28.96;83.5913;262;0;
25.01.2016;28.32;83.5913;263;0;
26.01.2016;29.44;77.7965;264;0;
27.01.2016;30.33;81.8394;265;0;
28.01.2016;31.51;78.9969;266;0;
29.01.2016;31.69;77.3674;267;0;
01.02.2016;31;77.3674;268;0;
02.02.2016;29.53;76.3264;269;0;
03.02.2016;30.93;77.9273;270;0;
04.02.2016;31.11;79.2593;271;0;
05.02.2016;31.17;76.4609;272;0;
08.02.2016;29.99;76.4609;273;0;
09.02.2016;28.5;76.8614;274;0;
10.02.2016;27.99;78.6805;275;0;
11.02.2016;27.17;79.0689;276;0;
12.02.2016;30.15;79.1144;277;0;
15.02.2016;30.68;79.1144;278;0;
16.02.2016;29.24;77.7792;279;0;
17.02.2016;31.36;76.245;280;0;
18.02.2016;31.55;77.8503;281;0;
19.02.2016;30.01;75.4575;282;0;
22.02.2016;31.94;75.4575;283;0;
23.02.2016;30.45;75.4575;284;0;
24.02.2016;30.05;75.4575;285;0;
25.02.2016;31.38;76.3928;286;0;
26.02.2016;34.31;76.3929;287;0;
29.02.2016;33.97;76.3929;288;0;
01.03.2016;33.78;75.8994;289;0;
02.03.2016;34.43;74.0536;290;0;
03.03.2016;33.95;73.6256;291;0;
04.03.2016;35.96;73.8242;292;0;
07.03.2016;37.37;73.8242;293;0;
08.03.2016;37.56;73.8242;294;0;
09.03.2016;38.81;73.8242;295;0;
10.03.2016;37.18;72.3775;296;0;
11.03.2016;37.76;71.0928;297;0;
14.03.2016;36.26;71.0928;298;0;
15.03.2016;35.69;70.1542;299;0;
16.03.2016;36.73;70.5408;300;0;
17.03.2016;37.74;71.0256;301;0;
18.03.2016;37.56;68.5598;302;0;
21.03.2016;38.21;68.5598;303;0;
22.03.2016;38.94;68.8086;304;0;
23.03.2016;37.19;67.7764;305;0;
24.03.2016;36.68;67.6409;306;0;
29.03.2016;35.1;67.7807;307;0;
30.03.2016;36.05;68.7549;308;0;
31.03.2016;36.01;67.6076;309;0;
01.04.2016;34.77;67.8552;310;0;
04.04.2016;34.5;67.8552;311;0;
05.04.2016;34.23;68.6753;312;0;
06.04.2016;36.12;68.8901;313;0;
07.04.2016;35.4;68.5215;314;0;
08.04.2016;38.91;67.796;315;0;
11.04.2016;39.88;67.796;316;0;
12.04.2016;41.32;67.125;317;0;
13.04.2016;40.96;66.3456;318;0;
14.04.2016;41.17;65.7662;319;0;
15.04.2016;39.57;66.4954;320;0;
18.04.2016;39.89;66.4954;321;0;
19.04.2016;41.27;68.2724;322;0;
20.04.2016;41.44;65.6474;323;0;
21.04.2016;42.03;66.0364;324;0;
22.04.2016;42.52;65.0254;325;0;
25.04.2016;41.57;65.0254;326;0;
26.04.2016;42.54;66.6295;327;0;
27.04.2016;42.77;66.4559;328;0;
28.04.2016;44.3;65.1618;329;0;
29.04.2016;44.34;65.1133;330;0;
03.05.2016;41.79;65.1133;331;0;
04.05.2016;41.78;65.1133;332;0;
05.05.2016;42.84;66.1718;333;0;
06.05.2016;42.9;65.8918;334;0;
09.05.2016;40.63;65.8918;335;0;
10.05.2016;42.21;65.8918;336;0;
11.05.2016;44.28;66.3277;337;0;
12.05.2016;44.63;66.2428;338;0;
13.05.2016;45.25;64.9607;339;0;
16.05.2016;46.59;64.9607;340;0;
17.05.2016;46.61;64.8895;341;0;
18.05.2016;46.98;64.5138;342;0;
19.05.2016;45.11;65.0641;343;0;
20.05.2016;46.64;66.211;344;0;
23.05.2016;45.92;66.211;345;0;
24.05.2016;46.57;67.0475;346;0;
25.05.2016;47.02;67.0493;347;0;
26.05.2016;47.47;65.8949;348;0;
27.05.2016;47.44;65.2062;349;0;
31.05.2016;47.71;66.0825;350;0;
01.06.2016;47.31;65.9962;351;0;
02.06.2016;47.7;66.6156;352;0;
03.06.2016;47.15;66.7491;353;0;
06.06.2016;47.59;66.7491;354;0;
07.06.2016;48.41;65.7894;355;0;
08.06.2016;49.38;65.2089;356;0;
09.06.2016;49.24;64.6797;357;0;
10.06.2016;48.35;63.7402;358;0;
13.06.2016;47.56;63.7402;359;0;
14.06.2016;46.08;63.7402;360;0;
15.06.2016;45.87;66.0306;361;0;
16.06.2016;44.06;65.9156;362;0;
17.06.2016;44.97;65.8618;363;0;
20.06.2016;47.08;65.8618;364;0;
21.06.2016;46.33;64.1509;365;0;
22.06.2016;46.43;64.1743;366;0;
23.06.2016;46.53;63.7162;367;0;
24.06.2016;44.59;64.3212;368;0;
27.06.2016;43.22;64.3212;369;0;
28.06.2016;44.64;65.0588;370;0;
29.06.2016;47;64.8095;371;0;
30.06.2016;46.85;64.2575;372;0;
01.07.2016;46.45;64.1755;373;0;
04.07.2016;46.97;64.1755;374;0;
05.07.2016;44.59;63.6844;375;0;
06.07.2016;44.65;64.2676;376;0;
07.07.2016;44.88;64.6304;377;0;
08.07.2016;43.48;64.05;378;0;
11.07.2016;42.69;64.05;379;0;
12.07.2016;45.17;64.2024;380;0;
13.07.2016;42.97;63.9029;381;0;
14.07.2016;44.31;63.8531;382;0;
15.07.2016;44.55;63.5773;383;0;
18.07.2016;43.95;63.5773;384;0;
19.07.2016;44.45;63.1154;385;0;
20.07.2016;44.57;62.9891;386;0;
21.07.2016;43.74;63.4183;387;0;
22.07.2016;42.99;63.7373;388;0;
25.07.2016;42.51;63.7373;389;0;
26.07.2016;42.31;64.9184;390;0;
27.07.2016;41.53;65.7408;391;0;
28.07.2016;40.62;65.9467;392;0;
29.07.2016;39.51;66.1125;393;0;
01.08.2016;38.92;66.1125;394;0;
02.08.2016;38.5;65.9553;395;0;
03.08.2016;39.2;66.8816;396;0;
04.08.2016;39.73;66.742;397;0;
05.08.2016;40.72;66.3941;398;0;
08.08.2016;41.44;66.3941;399;0;
09.08.2016;41.57;65.0799;400;0;
10.08.2016;40.39;64.7848;401;0;
11.08.2016;42.43;64.8137;402;0;
12.08.2016;43.32;64.9497;403;0;
15.08.2016;45.51;64.9497;404;0;
16.08.2016;46.47;64.2076;405;0;
17.08.2016;46.78;63.9514;406;0;
18.08.2016;47.56;63.9943;407;0;
19.08.2016;47.49;63.5487;408;0;
22.08.2016;46.2;63.5487;409;0;
23.08.2016;46.8;64.2078;410;0;
24.08.2016;45.66;64.7684;411;0;
25.08.2016;47.35;64.814;412;0;
26.08.2016;47.76;64.9459;413;0;
30.08.2016;45.84;65.081;414;0;
31.08.2016;44.31;64.9072;415;0;
01.09.2016;42.8;65.2535;416;0;
02.09.2016;43.71;65.2566;417;0;
05.09.2016;44.37;65.2566;418;0;
06.09.2016;43.86;64.7644;419;0;
07.09.2016;44.65;64.8306;420;0;
08.09.2016;46.88;64.3804;421;0;
09.09.2016;46.02;63.973;422;0;
12.09.2016;45.32;63.973;423;0;
13.09.2016;43.93;65.0539;424;0;
14.09.2016;43.45;64.8102;425;0;
15.09.2016;43.63;64.9737;426;0;
16.09.2016;43.06;65.217;427;0;
19.09.2016;43.84;65.217;428;0;
20.09.2016;43.04;64.9173;429;0;
21.09.2016;43.79;64.7513;430;0;
22.09.2016;45.01;64.4424;431;0;
23.09.2016;44.51;63.7942;432;0;
26.09.2016;44.71;63.7942;433;0;
27.09.2016;43.05;64.1506;434;0;
28.09.2016;43.59;63.6921;435;0;
29.09.2016;46.53;63.9509;436;0;
30.09.2016;46.34;63.1581;437;0;
03.10.2016;46.46;63.1581;438;0;
04.10.2016;47.6;62.5477;439;0;
05.10.2016;48.12;62.4323;440;0;
06.10.2016;48.69;62.4583;441;0;
07.10.2016;49.04;62.39;442;0;
10.10.2016;50.09;62.39;443;0;
11.10.2016;49.03;62.3884;444;0;
12.10.2016;48.08;62.1946;445;0;
13.10.2016;47.84;62.5892;446;0;
14.10.2016;47.42;63.3465;447;0;
17.10.2016;47.86;63.3465;448;0;
18.10.2016;48.36;63.151;449;0;
19.10.2016;50.4;62.89;450;0;
20.10.2016;48.97;62.5841;451;0;
21.10.2016;48.83;62.4194;452;0;
24.10.2016;48.35;62.4194;453;0;
25.10.2016;47.43;62.2349;454;0;
26.10.2016;47.38;62.048;455;0;
27.10.2016;47.53;62.2597;456;0;
28.10.2016;46.48;63.0399;457;0;
31.10.2016;44.85;63.0399;458;0;
01.11.2016;44.42;63.2174;459;0;
02.11.2016;42.91;63.2025;460;0;
03.11.2016;42.49;63.4166;461;0;
04.11.2016;41.71;63.5043;462;0;
07.11.2016;41.48;63.5043;463;0;
08.11.2016;42.12;63.9074;464;0;
09.11.2016;42.53;63.7364;465;0;
10.11.2016;42.32;63.8928;466;0;
11.11.2016;40.26;63.4161;467;0;
14.11.2016;40.48;63.4161;468;0;
15.11.2016;43.05;65.8591;469;0;
16.11.2016;43.97;65.5548;470;0;
17.11.2016;43.47;64.5463;471;0;
18.11.2016;43.31;64.9154;472;0;
21.11.2016;44.86;64.9154;473;0;
22.11.2016;45;64.358;474;0;
23.11.2016;45.44;63.6282;475;0;
24.11.2016;46.44;64.0087;476;0;
25.11.2016;45.22;64.6279;477;0;
28.11.2016;45.54;64.6279;478;0;
29.11.2016;43.58;64.9153;479;0;
30.11.2016;46.85;64.9449;480;0;
01.12.2016;51.18;65.2382;481;0;
02.12.2016;51.25;63.6807;482;0;
05.12.2016;52.5;63.6807;483;0;
06.12.2016;51.36;63.9242;484;0;
07.12.2016;50.95;63.8741;485;0;
08.12.2016;50.4;63.9114;486;0;
09.12.2016;50.99;63.3901;487;0;
12.12.2016;52.79;63.3901;488;0;
13.12.2016;52.08;61.5804;489;0;
14.12.2016;51.95;61.069;490;0;
15.12.2016;50.52;60.8079;491;0;
16.12.2016;52.85;61.6368;492;0;
19.12.2016;52.23;61.6368;493;0;
20.12.2016;53.26;61.7931;494;0;
21.12.2016;51.71;61.7967;495;0;
22.12.2016;52.74;61.1092;496;0;
23.12.2016;52.63;60.8641;497;0;
28.12.2016;53.91;60.8587;498;0;
29.12.2016;53.69;60.6669;499;0;
30.12.2016;53.46;60.273;500;0;
03.01.2017;53.55;60.273;501;40;
04.01.2017;53.32;60.273;502;40;
05.01.2017;53.74;60.273;503;40;
06.01.2017;54.65;60.273;504;40;
09.01.2017;53.14;60.273;505;40;
10.01.2017;51.95;59.8961;506;40;
11.01.2017;52.36;59.9533;507;40;
12.01.2017;53.26;60.1614;508;40;
13.01.2017;53.22;59.4978;509;40;
16.01.2017;53.15;59.4978;510;40;
17.01.2017;53.53;59.6067;511;40;
18.01.2017;52.62;59.4015;512;40;
19.01.2017;52.03;59.183;513;40;
20.01.2017;54.09;59.3521;514;40;
23.01.2017;53.85;59.3521;515;40;
24.01.2017;53.75;59.5034;516;40;
25.01.2017;53.39;59.2168;517;40;
26.01.2017;54.94;59.1489;518;40;
27.01.2017;53.85;59.6356;519;40;
30.01.2017;53.82;59.6356;520;40;
31.01.2017;53.95;60.1618;521;40;
01.02.2017;54.49;60.0851;522;40;
02.02.2017;54.64;60.3099;523;40;
03.02.2017;54.62;59.9858;524;40;
06.02.2017;53.22;59.9858;525;40;
07.02.2017;51.99;58.7121;526;40;
08.02.2017;52.62;59.1933;527;40;
09.02.2017;52.28;59.5129;528;40;
10.02.2017;53.5;59.0235;529;40;
13.02.2017;52.45;59.0235;530;40;
14.02.2017;53.26;58.0619;531;40;
15.02.2017;52.87;57.7388;532;40;
16.02.2017;52.46;56.7719;533;40;
17.02.2017;52.78;57.1507;534;40;
20.02.2017;53.55;57.1507;535;40;
21.02.2017;55.04;58.0967;536;40;
22.02.2017;53.85;57.859;537;40;
23.02.2017;54.77;57.4762;538;40;
24.02.2017;53.64;57.4762;539;40;
27.02.2017;53.6;57.4762;540;40;
28.02.2017;52.31;57.9371;541;40;
01.03.2017;54.37;57.9627;542;40;
02.03.2017;52.81;58.3776;543;40;
03.03.2017;52.77;58.4067;544;40;
06.03.2017;53.38;58.4067;545;40;
07.03.2017;53.26;58.337;546;40;
08.03.2017;51.95;58.263;547;40;
09.03.2017;49.3;58.263;548;40;
10.03.2017;49.23;58.8318;549;40;
13.03.2017;48.55;58.8318;550;40;
14.03.2017;48.05;59.1327;551;40;
15.03.2017;49.08;58.954;552;40;
16.03.2017;48.96;59.1128;553;40;
17.03.2017;48.98;58.2437;554;40;
20.03.2017;49.07;58.2437;555;40;
21.03.2017;48.54;57.2847;556;40;
22.03.2017;47.96;57.2323;557;40;
23.03.2017;48.57;57.636;558;40;
24.03.2017;48.37;57.5228;559;40;
27.03.2017;48.52;57.5228;560;40;
28.03.2017;49.12;57.0233;561;40;
29.03.2017;49.76;56.9364;562;40;
30.03.2017;50.65;57.0241;563;40;
31.03.2017;50.6;56.3779;564;40;
03.04.2017;50.44;56.3779;565;40;
04.04.2017;51.63;56.1396;566;40;
05.04.2017;52.21;56.5553;567;40;
06.04.2017;52.67;55.894;568;40;
07.04.2017;53.49;56.4369;569;40;
10.04.2017;54.09;56.4369;570;40;
11.04.2017;54.03;57.3896;571;40;
12.04.2017;53.95;56.9552;572;40;
13.04.2017;54.14;56.7556;573;40;
17.04.2017;53.99;56.7556;574;40;
18.04.2017;51.8;56.2505;575;40;
19.04.2017;51.38;55.9793;576;40;
20.04.2017;49.9;56.1753;577;40;
21.04.2017;48.88;56.4165;578;40;
24.04.2017;48.4;56.4165;579;40;
25.04.2017;48.32;56.0794;580;40;
26.04.2017;48.94;55.8453;581;40;
27.04.2017;48.41;56.3131;582;40;
28.04.2017;49.36;56.9707;583;40;
02.05.2017;47.96;56.9707;584;40;
03.05.2017;47.47;56.9518;585;40;
04.05.2017;46.18;57.0927;586;40;
05.05.2017;46.05;57.5714;587;40;
08.05.2017;45.06;57.5714;588;40;
09.05.2017;45.51;57.5714;589;40;
10.05.2017;46.54;57.5714;590;40;
11.05.2017;47.63;58.0824;591;40;
12.05.2017;47.53;57.1161;592;40;
15.05.2017;49.74;57.1161;593;40;
16.05.2017;49.66;56.5258;594;40;
17.05.2017;50.21;56.2603;595;40;
18.05.2017;50.16;56.7383;596;40;
19.05.2017;51.23;57.4683;597;40;
22.05.2017;51.8;57.4683;598;40;
23.05.2017;51.64;56.4988;599;40;
24.05.2017;51.74;56.5552;600;40;
25.05.2017;50.7;56.2743;601;40;
26.05.2017;49.29;56.0701;602;40;
29.05.2017;49.29;56.0701;603;40;
30.05.2017;49.1;56.7106;604;40;
31.05.2017;48.15;56.5168;605;40;
01.06.2017;49.21;56.6876;606;40;
02.06.2017;47.61;56.5373;607;40;
05.06.2017;47.5;56.5373;608;40;
06.06.2017;47.36;56.6152;609;40;
07.06.2017;46.23;56.6747;610;40;
08.06.2017;45.3;56.5878;611;40;
09.06.2017;45.84;56.9857;612;40;
12.06.2017;46.38;56.9857;613;40;
13.06.2017;46.3;56.9857;614;40;
14.06.2017;44.67;56.9096;615;40;
15.06.2017;44.71;57.0303;616;40;
16.06.2017;44.65;57.4437;617;40;
19.06.2017;44.88;57.4437;618;40;
20.06.2017;42.93;57.9585;619;40;
21.06.2017;43.57;58.5786;620;40;
22.06.2017;43.41;60;621;40;
23.06.2017;43.09;60.1482;622;40;
26.06.2017;43.04;60.1482;623;40;
27.06.2017;45.12;59.0014;624;40;
28.06.2017;45.65;58.8843;625;40;
29.06.2017;46.12;59.5415;626;40;
30.06.2017;46.08;59.0855;627;40;
03.07.2017;47.98;59.0855;628;40;
04.07.2017;48.45;58.9695;629;40;
05.07.2017;46.88;59.2295;630;40;
06.07.2017;47.83;59.5787;631;40;
07.07.2017;45.77;60.2426;632;40;
10.07.2017;45.87;60.2426;633;40;
11.07.2017;45.98;60.3014;634;40;
12.07.2017;46.03;60.7397;635;40;
13.07.2017;46.95;60.6227;636;40;
14.07.2017;47.19;60.1836;637;40;
17.07.2017;46.96;60.1836;638;40;
18.07.2017;47.22;59.0657;639;40;
19.07.2017;47.54;59.3705;640;40;
20.07.2017;47.74;59.2418;641;40;
21.07.2017;46.67;59.0823;642;40;
24.07.2017;47.01;59.0823;643;40;
25.07.2017;48.54;59.6572;644;40;
26.07.2017;49.43;59.8185;645;40;
27.07.2017;50.17;59.9102;646;40;
28.07.2017;51.75;59.4102;647;40;
31.07.2017;51.74;59.4102;648;40;
01.08.2017;50.52;60.0633;649;40;
02.08.2017;52.14;59.8454;650;40;
03.08.2017;52.88;60.5819;651;40;
04.08.2017;52.18;60.7503;652;40;
07.08.2017;51.12;60.7503;653;40;
08.08.2017;52.08;60.0605;654;40;
09.08.2017;52.06;59.9886;655;40;
10.08.2017;52.49;59.9611;656;40;
11.08.2017;51.37;59.9298;657;40;
14.08.2017;51.19;59.9298;658;40;
15.08.2017;49.8;59.799;659;40;
16.08.2017;50.14;59.9266;660;40;
17.08.2017;49.97;59.6521;661;40;
18.08.2017;50.56;59.249;662;40;
21.08.2017;51.54;59.249;663;40;
22.08.2017;51.89;59.1409;664;40;
23.08.2017;51.91;59.0396;665;40;
24.08.2017;51.33;59.1312;666;40;
25.08.2017;51.47;59.1397;667;40;
28.08.2017;51.47;59.1397;668;40;
29.08.2017;51.24;58.5469;669;40;
30.08.2017;50.91;58.532;670;40;
31.08.2017;51.69;58.7306;671;40;
01.09.2017;52.1;58.5454;672;40;
04.09.2017;51.55;58.5454;673;40;
05.09.2017;52.58;57.7817;674;40;
06.09.2017;53.43;57.8503;675;40;
07.09.2017;53.11;57.3387;676;40;
08.09.2017;53.3;57.1411;677;40;
11.09.2017;52.95;57.1411;678;40;
12.09.2017;53.81;57.1694;679;40;
13.09.2017;54.27;57.2656;680;40;
14.09.2017;55.51;57.6679;681;40;
15.09.2017;54.93;57.7706;682;40;
18.09.2017;54.25;57.7706;683;40;
19.09.2017;55.33;57.6242;684;40;
20.09.2017;55.95;58.0993;685;40;
21.09.2017;56.48;58.129;686;40;
22.09.2017;56.91;58.2242;687;40;
25.09.2017;58.17;58.2242;688;40;
26.09.2017;58.52;57.566;689;40;
27.09.2017;57.49;57.5186;690;40;
28.09.2017;57.55;58.0102;691;40;
29.09.2017;56.27;58.4255;692;40;
02.10.2017;55.07;58.4255;693;40;
03.10.2017;55.92;57.8134;694;40;
04.10.2017;55.7;57.9375;695;40;
05.10.2017;56.99;57.7832;696;40;
06.10.2017;55.4;57.5811;697;40;
09.10.2017;55.19;57.5811;698;40;
10.10.2017;56.52;58.3151;699;40;
11.10.2017;55.88;58.0713;700;40;
12.10.2017;55.71;57.921;701;40;
13.10.2017;56.36;57.6869;702;40;
16.10.2017;56.99;57.6869;703;40;
17.10.2017;56.98;57.0861;704;40;
18.10.2017;57.2;57.3392;705;40;
19.10.2017;56.97;57.2721;706;40;
20.10.2017;56.99;57.5706;707;40;
23.10.2017;57.04;57.5706;708;40;
24.10.2017;57.19;57.4706;709;40;
25.10.2017;57.95;57.5852;710;40;
26.10.2017;58.3;57.614;711;40;
27.10.2017;59.75;57.7643;712;40;
30.10.2017;60.25;57.7643;713;40;
31.10.2017;61.15;57.8716;714;40;
01.11.2017;60.78;58.1179;715;40;
02.11.2017;60.59;58.1557;716;40;
03.11.2017;61.42;58.0869;717;40;
06.11.2017;64.27;58.0869;718;40;
07.11.2017;64.36;58.0869;719;40;
08.11.2017;63.96;58.4557;720;40;
09.11.2017;64.49;59.248;721;40;
10.11.2017;64.35;59.2527;722;40;
13.11.2017;62.94;59.2527;723;40;
14.11.2017;60.91;59.1823;724;40;
15.11.2017;61.25;59.6207;725;40;
16.11.2017;61.18;60.249;726;40;
17.11.2017;61.73;59.9898;727;40;
20.11.2017;61.34;59.9898;728;40;
21.11.2017;62.28;59.2746;729;40;
22.11.2017;62.92;59.4604;730;40;
23.11.2017;63.27;59.0061;731;40;
24.11.2017;63.58;58.4622;732;40;
27.11.2017;63.25;58.4622;733;40;
28.11.2017;63.36;58.2773;734;40;
29.11.2017;63.54;58.4125;735;40;
30.11.2017;63.33;58.3311;736;40;
01.12.2017;63.97;58.5814;737;40;
04.12.2017;62.85;58.5814;738;40;
05.12.2017;62.85;58.9911;739;40;
06.12.2017;61.65;58.6924;740;40;
07.12.2017;61.77;58.9281;741;40;
08.12.2017;63.26;59.2948;742;40;
11.12.2017;65.02;59.2948;743;40;
12.12.2017;64.36;59.2348;744;40;
13.12.2017;63.06;58.837;745;40;
14.12.2017;63.12;59.1446;746;40;
15.12.2017;63.21;58.7082;747;40;
18.12.2017;63.85;58.7082;748;40;
19.12.2017;63.09;58.694;749;40;
20.12.2017;63.83;58.6117;750;40;
21.12.2017;64.39;58.717;751;40;
22.12.2017;64.36;58.5596;752;40;
27.12.2017;66.03;57.7343;753;40;
28.12.2017;66.14;57.4544;754;40;
29.12.2017;66.73;57.6291;755;40;
02.01.2018;66.65;57.6291;756;40.8;
03.01.2018;67.85;57.6291;757;40.8;
04.01.2018;68.73;57.6291;758;40.8;
05.01.2018;68.01;57.6291;759;40.8;
08.01.2018;68.48;57.6291;760;40.8;
09.01.2018;69.23;57.6291;761;40.8;
10.01.2018;69.84;57.0463;762;40.8;
11.01.2018;70.31;56.8734;763;40.8;
12.01.2018;69.59;56.9957;764;40.8;
15.01.2018;70.26;56.9957;765;40.8;
16.01.2018;69.35;56.3569;766;40.8;
17.01.2018;69.14;56.3878;767;40.8;
18.01.2018;69.43;56.5925;768;40.8;
19.01.2018;67.91;56.7597;769;40.8;
22.01.2018;68.67;56.7597;770;40.8;
23.01.2018;68.71;56.6261;771;40.8;
24.01.2018;68.81;56.4115;772;40.8;
25.01.2018;69.98;56.3888;773;40.8;
26.01.2018;68.98;55.9288;774;40.8;
29.01.2018;67.31;55.9288;775;40.8;
30.01.2018;66.48;56.2908;776;40.8;
31.01.2018;66.67;56.2914;777;40.8;
01.02.2018;67;56.184;778;40.8;
02.02.2018;65.85;56.2613;779;40.8;
05.02.2018;66.09;56.2613;780;40.8;
06.02.2018;65.15;56.6278;781;40.8;
07.02.2018;63.89;57.2196;782;40.8;
08.02.2018;62.16;56.9533;783;40.8;
09.02.2018;60.94;57.6736;784;40.8;
12.02.2018;60.05;57.6736;785;40.8;
13.02.2018;59.79;58.0171;786;40.8;
14.02.2018;59.99;57.7701;787;40.8;
15.02.2018;60.41;57.5899;788;40.8;
16.02.2018;62;56.5918;789;40.8;
19.02.2018;62.65;56.5918;790;40.8;
20.02.2018;62.18;56.3438;791;40.8;
21.02.2018;62.31;56.5201;792;40.8;
22.02.2018;63.62;56.6537;793;40.8;
23.02.2018;64.54;56.7608;794;40.8;
26.02.2018;65.71;56.7608;795;40.8;
27.02.2018;65.34;55.9208;796;40.8;
28.02.2018;63.83;55.6717;797;40.8;
01.03.2018;61.98;56.3742;798;40.8;
02.03.2018;61.81;56.4334;799;40.8;
05.03.2018;63.13;56.4334;800;40.8;
06.03.2018;63.02;57.1;801;40.8;
07.03.2018;62.39;56.5041;802;40.8;
08.03.2018;61.17;56.8011;803;40.8;
09.03.2018;62.49;56.8011;804;40.8;
12.03.2018;61.83;56.8011;805;40.8;
13.03.2018;61.5;56.6122;806;40.8;
14.03.2018;60.91;56.9359;807;40.8;
15.03.2018;60.97;56.9372;808;40.8;
16.03.2018;61.98;57.0188;809;40.8;
19.03.2018;62.12;57.0188;810;40.8;
20.03.2018;63.3;57.5521;811;40.8;
21.03.2018;65.45;57.7033;812;40.8;
22.03.2018;67.23;57.4954;813;40.8;
23.03.2018;67.48;56.8391;814;40.8;
26.03.2018;67.46;56.8391;815;40.8;
27.03.2018;67.28;57.0039;816;40.8;
28.03.2018;66.78;57.1747;817;40.8;
29.03.2018;67.67;57.5598;818;40.8;
03.04.2018;65.74;57.285;819;40.8;
04.04.2018;63.74;57.5375;820;40.8;
05.04.2018;64.24;57.7646;821;40.8;
06.04.2018;64.66;57.5796;822;40.8;
09.04.2018;66.09;57.5796;823;40.8;
10.04.2018;68.2;58.5714;824;40.8;
11.04.2018;70.54;62.3699;825;40.8;
12.04.2018;68.64;64.0626;826;40.8;
13.04.2018;70.38;62.0659;827;40.8;
16.04.2018;69.25;62.0659;828;40.8;
17.04.2018;69.16;62.2794;829;40.8;
18.04.2018;71.33;61.1454;830;40.8;
19.04.2018;72.45;61.5539;831;40.8;
20.04.2018;72.22;60.8583;832;40.8;
23.04.2018;72.29;60.8583;833;40.8;
24.04.2018;73.46;61.7655;834;40.8;
25.04.2018;71.39;61.6644;835;40.8;
26.04.2018;72.64;61.7494;836;40.8;
27.04.2018;72.58;62.6027;837;40.8;
30.04.2018;73.17;62.6027;838;40.8;
01.05.2018;72.1;62.6027;839;40.8;
02.05.2018;70.39;62.6027;840;40.8;
03.05.2018;70.7;62.6027;841;40.8;
04.05.2018;72;63.486;842;40.8;
08.05.2018;71.66;62.7148;843;40.8;
09.05.2018;75.1;63.0066;844;40.8;
10.05.2018;75.54;63.0066;845;40.8;
11.05.2018;75.32;62.5229;846;40.8;
14.05.2018;76.12;62.5229;847;40.8;
15.05.2018;76.89;61.7684;848;40.8;
16.05.2018;76.84;61.9164;849;40.8;
17.05.2018;79.04;62.3033;850;40.8;
18.05.2018;77.43;61.8215;851;40.8;
21.05.2018;77.39;61.8215;852;40.8;
22.05.2018;79.47;62.5327;853;40.8;
23.05.2018;77.94;61.261;854;40.8;
24.05.2018;78.15;61.5945;855;40.8;
25.05.2018;75.9;61.409;856;40.8;
28.05.2018;75.9;61.409;857;40.8;
29.05.2018;73.81;62.271;858;40.8;
30.05.2018;75.19;62.642;859;40.8;
31.05.2018;75.75;62.5937;860;40.8;
01.06.2018;73.89;62.0188;861;40.8;
04.06.2018;73.01;62.0188;862;40.8;
05.06.2018;72.51;61.929;863;40.8;
06.06.2018;72.48;61.9822;864;40.8;
07.06.2018;75.03;62.0064;865;40.8;
08.06.2018;74.71;61.8125;866;40.8;
11.06.2018;74.08;61.8125;867;40.8;
12.06.2018;74.11;61.8125;868;40.8;
13.06.2018;74.32;61.8125;869;40.8;
14.06.2018;74.02;63.1164;870;40.8;
15.06.2018;71.27;62.2511;871;40.8;
18.06.2018;74.12;62.2511;872;40.8;
19.06.2018;74.17;63.4838;873;40.8;
20.06.2018;73.55;64.0683;874;40.8;
21.06.2018;72.17;63.6175;875;40.8;
22.06.2018;72.67;63.7873;876;40.8;
25.06.2018;71.82;63.7873;877;40.8;
26.06.2018;72.58;62.9497;878;40.8;
27.06.2018;75.09;62.7908;879;40.8;
28.06.2018;75.26;63.1359;880;40.8;
29.06.2018;76.44;63.291;881;40.8;
02.07.2018;75.71;63.291;882;40.8;
03.07.2018;74.87;63.1394;883;40.8;
04.07.2018;75.94;63.2194;884;40.8;
05.07.2018;76.04;63.2267;885;40.8;
06.07.2018;73.43;63.2604;886;40.8;
09.07.2018;75.53;63.2604;887;40.8;
10.07.2018;76.25;62.8338;888;40.8;
11.07.2018;73.8;62.4442;889;40.8;
12.07.2018;70.56;62.098;890;40.8;
13.07.2018;72.56;62.2062;891;40.8;
16.07.2018;69.48;62.2062;892;40.8;
17.07.2018;69.32;62.2556;893;40.8;
18.07.2018;68.97;62.4352;894;40.8;
19.07.2018;70.39;62.9006;895;40.8;
20.07.2018;70.49;63.2746;896;40.8;
23.07.2018;71.95;63.2746;897;40.8;
24.07.2018;72.08;63.1957;898;40.8;
25.07.2018;72.22;62.9235;899;40.8;
26.07.2018;73.06;63.0836;900;40.8;
27.07.2018;73.39;62.9471;901;40.8;
30.07.2018;73.59;62.9471;902;40.8;
31.07.2018;72.76;62.7805;903;40.8;
01.08.2018;70.88;62.3497;904;40.8;
02.08.2018;71.55;62.559;905;40.8;
03.08.2018;71.08;63.1358;906;40.8;
06.08.2018;71.06;63.1358;907;40.8;
07.08.2018;70.86;63.4975;908;40.8;
08.08.2018;69.26;63.5425;909;40.8;
09.08.2018;69.1;63.595;910;40.8;
10.08.2018;69.55;66.2856;911;40.8;
13.08.2018;69.17;66.2856;912;40.8;
14.08.2018;69.32;68.2234;913;40.8;
15.08.2018;66.93;66.7535;914;40.8;
16.08.2018;67.76;66.3772;915;40.8;
17.08.2018;68.69;66.8932;916;40.8;
20.08.2018;69.66;66.8932;917;40.8;
21.08.2018;70.2;67.1807;918;40.8;
22.08.2018;71.51;67.1783;919;40.8;
23.08.2018;72.28;67.6163;920;40.8;
24.08.2018;73.41;68.5259;921;40.8;
28.08.2018;75.76;67.3963;922;40.8;
29.08.2018;75.56;67.3911;923;40.8;
30.08.2018;77;68.1451;924;40.8;
31.08.2018;76.89;68.0821;925;40.8;
03.09.2018;77.91;68.0821;926;40.8;
04.09.2018;77.61;67.7443;927;40.8;
05.09.2018;76.78;68.2737;928;40.8;
06.09.2018;75.77;68.4628;929;40.8;
07.09.2018;75.65;68.2505;930;40.8;
10.09.2018;76.87;68.2505;931;40.8;
11.09.2018;77.77;69.8685;932;40.8;
12.09.2018;79.57;69.9744;933;40.8;
13.09.2018;77.21;69.5728;934;40.8;
14.09.2018;77.52;68.637;935;40.8;
17.09.2018;78.17;68.637;936;40.8;
18.09.2018;79.2;68.1958;937;40.8;
19.09.2018;79.38;67.7519;938;40.8;
20.09.2018;78.96;67.0098;939;40.8;
21.09.2018;78.85;66.4725;940;40.8;
24.09.2018;80.24;66.4725;941;40.8;
25.09.2018;81.56;66.1594;942;40.8;
26.09.2018;81.22;65.8244;943;40.8;
27.09.2018;80.89;65.7585;944;40.8;
28.09.2018;82.07;65.8355;945;40.8;
01.10.2018;84.19;65.8355;946;40.8;
02.10.2018;84.68;65.5745;947;40.8;
03.10.2018;84.5;65.2221;948;40.8;
04.10.2018;85.12;65.4244;949;40.8;
05.10.2018;84.17;66.2115;950;40.8;
08.10.2018;83.27;66.2115;951;40.8;
09.10.2018;84.21;66.9685;952;40.8;
10.10.2018;82.87;66.4032;953;40.8;
11.10.2018;80.4;66.1832;954;40.8;
12.10.2018;79.91;66.7727;955;40.8;
15.10.2018;80.11;66.7727;956;40.8;
16.10.2018;79.73;65.7508;957;40.8;
17.10.2018;79.11;65.5305;958;40.8;
18.10.2018;79.5;65.4026;959;40.8;
19.10.2018;79.58;65.7238;960;40.8;
22.10.2018;79.05;65.7238;961;40.8;
23.10.2018;77.12;65.3065;962;40.8;
24.10.2018;75.79;65.3101;963;40.8;
25.10.2018;75.75;65.6299;964;40.8;
26.10.2018;75.85;65.7476;965;40.8;
29.10.2018;76.01;65.7476;966;40.8;
30.10.2018;74.13;65.8129;967;40.8;
31.10.2018;73.29;65.7742;968;40.8;
01.11.2018;69.7;65.5962;969;40.8;
02.11.2018;69.56;65.6517;970;40.8;
05.11.2018;71.88;65.6517;971;40.8;
06.11.2018;69.84;65.6517;972;40.8;
07.11.2018;69.3;65.9912;973;40.8;
08.11.2018;68.49;66.0918;974;40.8;
09.11.2018;68.21;66.2155;975;40.8;
12.11.2018;69.01;66.2155;976;40.8;
13.11.2018;64.65;67.5238;977;40.8;
14.11.2018;64.48;67.6812;978;40.8;
15.11.2018;65.21;67.9975;979;40.8;
16.11.2018;65.49;66.6159;980;40.8;
19.11.2018;64.34;66.6159;981;40.8;
20.11.2018;61.7;66.0081;982;40.8;
21.11.2018;61.85;65.5871;983;40.8;
22.11.2018;61.31;65.9485;984;40.8;
23.11.2018;57.89;65.6067;985;40.8;
26.11.2018;59.9;65.6067;986;40.8;
27.11.2018;59.78;66.5072;987;40.8;
28.11.2018;58.17;66.78;988;40.8;
29.11.2018;58.49;66.9436;989;40.8;
30.11.2018;57.91;66.6342;990;40.8;
03.12.2018;60.37;66.6342;991;40.8;
04.12.2018;61.42;66.2921;992;40.8;
05.12.2018;61.6;66.4467;993;40.8;
06.12.2018;57.78;66.8242;994;40.8;
07.12.2018;61.66;66.7377;995;40.8;
10.12.2018;60.24;66.7377;996;40.8;
11.12.2018;59.68;66.2416;997;40.8;
12.12.2018;59.89;66.5022;998;40.8;
13.12.2018;58.98;66.4225;999;40.8;
14.12.2018;58.51;66.255;1000;40.8;
17.12.2018;57.54;66.255;1001;40.8;
18.12.2018;55.21;66.6208;1002;40.8;
19.12.2018;55.55;66.7454;1003;40.8;
20.12.2018;52.89;67.1121;1004;40.8;
21.12.2018;51.98;67.371;1005;40.8;
24.12.2018;51.98;67.371;1006;40.8;
26.12.2018;51.98;68.7448;1007;40.8;
27.12.2018;51.54;68.8865;1008;40.8;
28.12.2018;50.62;68.8762;1009;40.8;
31.12.2018;50.62;68.8762;1010;40.8;
01.01.2019;50.62;68.8762;1011;41.616;
02.01.2019;54.11;68.8762;1012;41.616;
03.01.2019;53.88;68.8762;1013;41.616;
04.01.2019;56.29;68.8762;1014;41.616;
07.01.2019;57.75;68.8762;1015;41.616;
08.01.2019;57.56;68.8762;1016;41.616;
09.01.2019;60.11;68.8762;1017;41.616;
10.01.2019;61.12;67.0795;1018;41.616;
11.01.2019;59.89;66.8605;1019;41.616;
14.01.2019;59.45;66.8605;1020;41.616;
15.01.2019;59.3;67.192;1021;41.616;
16.01.2019;60.46;67.082;1022;41.616;
17.01.2019;60.5;66.7617;1023;41.616;
18.01.2019;62.69;66.4438;1024;41.616;
21.01.2019;62.65;66.4438;1025;41.616;
22.01.2019;61.55;66.3634;1026;41.616;
23.01.2019;61.7;66.5499;1027;41.616;
24.01.2019;61.74;66.3318;1028;41.616;
25.01.2019;62.14;66.0016;1029;41.616;
28.01.2019;60.36;66.0016;1030;41.616;
29.01.2019;61.63;65.93;1031;41.616;
30.01.2019;62.39;66.3412;1032;41.616;
31.01.2019;62.96;66.0987;1033;41.616;
01.02.2019;62.36;65.3577;1034;41.616;
04.02.2019;62.76;65.3577;1035;41.616;
05.02.2019;62.17;65.5859;1036;41.616;
06.02.2019;62.37;65.5691;1037;41.616;
07.02.2019;61.01;65.6686;1038;41.616;
08.02.2019;61.37;66.0199;1039;41.616;
11.02.2019;61.3;66.0199;1040;41.616;
12.02.2019;62.58;65.6517;1041;41.616;
13.02.2019;63.27;65.7147;1042;41.616;
14.02.2019;64;65.6783;1043;41.616;
15.02.2019;65.65;66.5429;1044;41.616;
18.02.2019;66.41;66.5429;1045;41.616;
19.02.2019;65.86;66.247;1046;41.616;
20.02.2019;66.82;66.2022;1047;41.616;
21.02.2019;66.91;65.8568;1048;41.616;
22.02.2019;66.91;65.5401;1049;41.616;
25.02.2019;63.87;65.5401;1050;41.616;
26.02.2019;64.31;65.2582;1051;41.616;
27.02.2019;65.25;65.6182;1052;41.616;
28.02.2019;64.73;65.757;1053;41.616;
01.03.2019;63.41;65.8895;1054;41.616;
04.03.2019;64.14;65.8895;1055;41.616;
05.03.2019;63.94;65.7956;1056;41.616;
06.03.2019;64.21;65.8004;1057;41.616;
07.03.2019;64.52;65.843;1058;41.616;
08.03.2019;63.33;65.9646;1059;41.616;
11.03.2019;64.76;65.9646;1060;41.616;
12.03.2019;65.33;66.0763;1061;41.616;
13.03.2019;65.89;65.7674;1062;41.616;
14.03.2019;66.18;65.589;1063;41.616;
15.03.2019;66.11;65.4021;1064;41.616;
18.03.2019;66.8;65.4021;1065;41.616;
19.03.2019;67.28;64.6694;1066;41.616;
20.03.2019;68.5;64.3167;1067;41.616;
21.03.2019;68.45;64.2803;1068;41.616;
22.03.2019;66.44;63.742;1069;41.616;
25.03.2019;67.52;63.742;1070;41.616;
26.03.2019;67.66;64.4993;1071;41.616;
27.03.2019;67.5;64.1683;1072;41.616;
28.03.2019;66.78;64.5925;1073;41.616;
29.03.2019;68.63;64.8012;1074;41.616;
01.04.2019;69.78;64.8012;1075;41.616;
02.04.2019;70.38;65.4176;1076;41.616;
03.04.2019;69.91;65.4726;1077;41.616;
04.04.2019;70.5;65.1639;1078;41.616;
05.04.2019;70.63;65.3281;1079;41.616;
08.04.2019;71.82;65.3281;1080;41.616;
09.04.2019;71.72;65.3498;1081;41.616;
10.04.2019;72.33;64.7766;1082;41.616;
11.04.2019;72;64.7373;1083;41.616;
12.04.2019;72.17;64.3991;1084;41.616;
15.04.2019;71.5;64.3991;1085;41.616;
16.04.2019;71.34;64.2469;1086;41.616;
17.04.2019;71.74;64.2422;1087;41.616;
18.04.2019;71.31;63.945;1088;41.616;
23.04.2019;73.91;63.786;1089;41.616;
24.04.2019;74.84;63.7906;1090;41.616;
25.04.2019;76.09;63.9798;1091;41.616;
26.04.2019;71.93;64.6794;1092;41.616;
29.04.2019;72.12;64.6794;1093;41.616;
30.04.2019;73.09;64.6917;1094;41.616;
01.05.2019;72.91;64.6314;1095;41.616;
02.05.2019;71.46;64.6314;1096;41.616;
03.05.2019;72.85;64.6314;1097;41.616;
07.05.2019;71.64;65.335;1098;41.616;
08.05.2019;71.99;65.2166;1099;41.616;
09.05.2019;71.12;65.2287;1100;41.616;
10.05.2019;72.53;65.2287;1101;41.616;
13.05.2019;73.25;65.2287;1102;41.616;
14.05.2019;73.43;65.4703;1103;41.616;
15.05.2019;73.99;65.3001;1104;41.616;
16.05.2019;75.6;64.8489;1105;41.616;
17.05.2019;74.84;64.5598;1106;41.616;
20.05.2019;74.11;64.5598;1107;41.616;
21.05.2019;73.84;64.4888;1108;41.616;
22.05.2019;72.84;64.5372;1109;41.616;
23.05.2019;69.27;64.4156;1110;41.616;
24.05.2019;68.88;64.4913;1111;41.616;
28.05.2019;71.09;64.4636;1112;41.616;
29.05.2019;71.54;64.5394;1113;41.616;
30.05.2019;70.45;64.9084;1114;41.616;
31.05.2019;67.68;65.0583;1115;41.616;
03.06.2019;62.81;65.0583;1116;41.616;
04.06.2019;63.21;65.5547;1117;41.616;
05.06.2019;61.04;65.1614;1118;41.616;
06.06.2019;61.67;65.1243;1119;41.616;
07.06.2019;63;65.234;1120;41.616;
10.06.2019;63.06;65.234;1121;41.616;
11.06.2019;62.11;64.7919;1122;41.616;
12.06.2019;60.21;64.5158;1123;41.616;
13.06.2019;61.23;64.5158;1124;41.616;
14.06.2019;61.08;64.6314;1125;41.616;
17.06.2019;60.51;64.6314;1126;41.616;
18.06.2019;61.35;64.3187;1127;41.616;
19.06.2019;60.85;64.3352;1128;41.616;
20.06.2019;63.44;63.9794;1129;41.616;
21.06.2019;63.99;63.3877;1130;41.616;
24.06.2019;63.16;63.3877;1131;41.616;
25.06.2019;64.24;62.9095;1132;41.616;
26.06.2019;64.85;62.5229;1133;41.616;
27.06.2019;65.33;62.8083;1134;41.616;
28.06.2019;66.27;63.0452;1135;41.616;
01.07.2019;64.15;63.0452;1136;41.616;
02.07.2019;61.97;63.0541;1137;41.616;
03.07.2019;62.78;63.2265;1138;41.616;
04.07.2019;62.87;63.4951;1139;41.616;
05.07.2019;63.48;63.4013;1140;41.616;
08.07.2019;64.14;63.4013;1141;41.616;
09.07.2019;63.55;63.8699;1142;41.616;
10.07.2019;65.66;63.766;1143;41.616;
11.07.2019;66.89;63.7988;1144;41.616;
12.07.2019;65.9;62.9944;1145;41.616;
15.07.2019;66.26;62.9944;1146;41.616;
16.07.2019;65.37;62.828;1147;41.616;
17.07.2019;63.42;62.8129;1148;41.616;
18.07.2019;60.45;62.9451;1149;41.616;
19.07.2019;60.89;62.8286;1150;41.616;
22.07.2019;61.91;62.8286;1151;41.616;
23.07.2019;62.33;62.9776;1152;41.616;
24.07.2019;63.88;63.129;1153;41.616;
25.07.2019;63.82;63.1162;1154;41.616;
26.07.2019;63.46;63.1572;1155;41.616;
29.07.2019;63.39;63.1572;1156;41.616;
30.07.2019;63.7;63.521;1157;41.616;
31.07.2019;64.89;63.3791;1158;41.616;
01.08.2019;64.2;63.4172;1159;41.616;
02.08.2019;62.47;63.834;1160;41.616;
05.08.2019;60.67;63.834;1161;41.616;
06.08.2019;59.98;65.0546;1162;41.616;
07.08.2019;56.38;65.203;1163;41.616;
08.08.2019;57.69;65.0932;1164;41.616;
09.08.2019;58.77;65.1299;1165;41.616;
12.08.2019;58.53;65.1299;1166;41.616;
13.08.2019;61.3;65.4287;1167;41.616;
14.08.2019;58.26;65.6017;1168;41.616;
15.08.2019;57.77;65.2032;1169;41.616;
16.08.2019;59.4;65.8907;1170;41.616;
19.08.2019;60.74;65.8907;1171;41.616;
20.08.2019;60.08;66.6082;1172;41.616;
21.08.2019;61.65;66.784;1173;41.616;
22.08.2019;60.86;66.263;1174;41.616;
23.08.2019;59.69;65.6196;1175;41.616;
26.08.2019;59.69;65.6196;1176;41.616;
27.08.2019;59.49;65.9735;1177;41.616;
28.08.2019;61.47;66.2608;1178;41.616;
29.08.2019;61.64;66.4127;1179;41.616;
30.08.2019;62.09;66.7471;1180;41.616;
02.09.2019;59.6;66.7471;1181;41.616;
03.09.2019;57.68;66.6235;1182;41.616;
04.09.2019;60.43;66.9072;1183;41.616;
05.09.2019;62.3;66.5002;1184;41.616;
06.09.2019;60.88;66.0528;1185;41.616;
09.09.2019;63.59;66.0528;1186;41.616;
10.09.2019;64.27;65.5698;1187;41.616;
11.09.2019;62.62;65.4393;1188;41.616;
12.09.2019;60.36;65.4321;1189;41.616;
13.09.2019;60.85;65.1909;1190;41.616;
16.09.2019;68.02;65.1909;1191;41.616;
17.09.2019;65.19;63.8272;1192;41.616;
18.09.2019;63.89;64.1213;1193;41.616;
19.09.2019;63.85;64.429;1194;41.616;
20.09.2019;64.83;64.2199;1195;41.616;
23.09.2019;64.26;64.2199;1196;41.616;
24.09.2019;63.73;63.9453;1197;41.616;
25.09.2019;61.36;63.706;1198;41.616;
26.09.2019;61.03;64.1873;1199;41.616;
27.09.2019;61.43;64.2888;1200;41.616;
30.09.2019;59.94;64.2888;1201;41.616;
01.10.2019;59.01;64.6407;1202;41.616;
02.10.2019;56.87;65.067;1203;41.616;
03.10.2019;56.96;65.4399;1204;41.616;
04.10.2019;58.08;65.1312;1205;41.616;
07.10.2019;58.41;65.1312;1206;41.616;
08.10.2019;57.09;64.8259;1207;41.616;
09.10.2019;58.65;64.8672;1208;41.616;
10.10.2019;58.03;65.0976;1209;41.616;
11.10.2019;59.54;64.7416;1210;41.616;
14.10.2019;57.76;64.7416;1211;41.616;
15.10.2019;58.14;64.3652;1212;41.616;
16.10.2019;58.25;64.2548;1213;41.616;
17.10.2019;58.3;64.3455;1214;41.616;
18.10.2019;58.91;64.0144;1215;41.616;
21.10.2019;57.9;64.0144;1216;41.616;
22.10.2019;59.45;63.7606;1217;41.616;
23.10.2019;59.47;63.6336;1218;41.616;
24.10.2019;60.66;63.7997;1219;41.616;
25.10.2019;61.91;63.86;1220;41.616;
28.10.2019;60.24;63.86;1221;41.616;
29.10.2019;60.9;63.87;1222;41.616;
30.10.2019;60.07;63.832;1223;41.616;
31.10.2019;60.15;63.8734;1224;41.616;
01.11.2019;61.02;63.7748;1225;41.616;
04.11.2019;63.37;63.7748;1226;41.616;
05.11.2019;63.57;63.7748;1227;41.616;
06.11.2019;62.96;63.248;1228;41.616;
07.11.2019;63.45;63.588;1229;41.616;
08.11.2019;62.85;63.7298;1230;41.616;
11.11.2019;63.43;63.7298;1231;41.616;
12.11.2019;63.04;63.9121;1232;41.616;
13.11.2019;63.12;63.853;1233;41.616;
14.11.2019;63.31;64.2009;1234;41.616;
15.11.2019;64.17;64.2101;1235;41.616;
18.11.2019;63.67;64.2101;1236;41.616;
19.11.2019;63;63.7542;1237;41.616;
20.11.2019;64.85;63.773;1238;41.616;
21.11.2019;66.04;64.0213;1239;41.616;
22.11.2019;65.88;63.843;1240;41.616;
25.11.2019;64.72;63.843;1241;41.616;
26.11.2019;64.87;63.7637;1242;41.616;
27.11.2019;65.48;64.0239;1243;41.616;
28.11.2019;65.33;63.9722;1244;41.616;
29.11.2019;65.15;64.1005;1245;41.616;
02.12.2019;63.6;64.1005;1246;41.616;
03.12.2019;63.35;64.4097;1247;41.616;
04.12.2019;65.65;64.1401;1248;41.616;
05.12.2019;66.07;64.1948;1249;41.616;
06.12.2019;66.9;63.8135;1250;41.616;
09.12.2019;66.84;63.8135;1251;41.616;
10.12.2019;66.97;63.7244;1252;41.616;
11.12.2019;65.77;63.5788;1253;41.616;
12.12.2019;67.07;63.5653;1254;41.616;
13.12.2019;67.84;63.2257;1255;41.616;
16.12.2019;67.54;63.2257;1256;41.616;
17.12.2019;68.49;62.7686;1257;41.616;
18.12.2019;68.62;62.5326;1258;41.616;
19.12.2019;69.2;62.5831;1259;41.616;
20.12.2019;68.16;62.5283;1260;41.616;
23.12.2019;66.99;62.5283;1261;41.616;
24.12.2019;68.76;62.2499;1262;41.616;
26.12.2019;68.76;61.7164;1263;41.616;
27.12.2019;67.41;61.7676;1264;41.616;
30.12.2019;66.8;61.7676;1265;41.616;
31.12.2019;66.27;61.9057;1266;41.616;
01.01.2020;66.27;61.9057;1267;42.44832;
02.01.2020;65.55;61.9057;1268;42.44832;
03.01.2020;67.58;61.9057;1269;42.44832;
06.01.2020;68.75;61.9057;1270;42.44832;
07.01.2020;67.24;61.9057;1271;42.44832;
08.01.2020;65.81;61.9057;1272;42.44832;
09.01.2020;65.08;61.9057;1273;42.44832;
10.01.2020;65.27;61.234;1274;42.44832;
13.01.2020;62.64;61.234;1275;42.44832;
14.01.2020;62.95;60.9474;1276;42.44832;
15.01.2020;61.79;61.414;1277;42.44832;
16.01.2020;63.13;61.4328;1278;42.44832;
17.01.2020;62.55;61.5694;1279;42.44832;
20.01.2020;63.13;61.5694;1280;42.44832;
21.01.2020;62.16;61.4654;1281;42.44832;
22.01.2020;60.61;61.8552;1282;42.44832;
23.01.2020;59.76;61.8343;1283;42.44832;
24.01.2020;57.84;61.9515;1284;42.44832;
27.01.2020;57.04;61.9515;1285;42.44832;
28.01.2020;57.87;62.338;1286;42.44832;
29.01.2020;57.96;62.8299;1287;42.44832;
30.01.2020;56.22;62.3934;1288;42.44832;
31.01.2020;58.37;63.0359;1289;42.44832;
03.02.2020;54.6;63.0359;1290;42.44832;
04.02.2020;54.5;63.9091;1291;42.44832;
05.02.2020;55.96;63.4342;1292;42.44832;
06.02.2020;55.78;63.1742;1293;42.44832;
07.02.2020;54.18;62.7977;1294;42.44832;
10.02.2020;53.04;62.7977;1295;42.44832;
11.02.2020;53.85;63.7708;1296;42.44832;
12.02.2020;55.39;63.949;1297;42.44832;
13.02.2020;56.19;63.047;1298;42.44832;
14.02.2020;57.22;63.6016;1299;42.44832;
17.02.2020;57.68;63.6016;1300;42.44832;
18.02.2020;57.2;63.3085;1301;42.44832;
19.02.2020;59.57;63.7698;1302;42.44832;
20.02.2020;59.94;63.6873;1303;42.44832;
21.02.2020;58.45;63.7413;1304;42.44832;
24.02.2020;55.89;63.7413;1305;42.44832;
25.02.2020;54.22;63.7413;1306;42.44832;
26.02.2020;52.51;64.9213;1307;42.44832;
27.02.2020;49.74;65.5177;1308;42.44832;
28.02.2020;48.86;65.6097;1309;42.44832;
02.03.2020;50.07;65.6097;1310;42.44832;
03.03.2020;49.79;66.3274;1311;42.44832;
04.03.2020;49.41;66.4437;1312;42.44832;
05.03.2020;48.84;66.0784;1313;42.44832;
06.03.2020;43.15;66.1854;1314;42.44832;
09.03.2020;32.88;66.1854;1315;42.44832;
10.03.2020;33.12;66.1854;1316;42.44832;
11.03.2020;32.38;72.0208;1317;42.44832;
12.03.2020;28.57;71.472;1318;42.44832;
13.03.2020;29.8;74.0274;1319;42.44832;
16.03.2020;25.53;74.0274;1320;42.44832;
17.03.2020;25.52;74.1262;1321;42.44832;
18.03.2020;19.89;73.8896;1322;42.44832;
19.03.2020;21.08;77.2131;1323;42.44832;
20.03.2020;22.65;80.157;1324;42.44832;
23.03.2020;18.95;80.157;1325;42.44832;
24.03.2020;21.9;80.8815;1326;42.44832;
25.03.2020;21.75;78.8493;1327;42.44832;
26.03.2020;21.74;77.7928;1328;42.44832;
27.03.2020;17.82;78.7223;1329;42.44832;
30.03.2020;14.42;78.7223;1330;42.44832;
31.03.2020;15.11;78.7223;1331;42.44832;
01.04.2020;10.88;78.7223;1332;42.44832;
02.04.2020;14.6;78.7223;1333;42.44832;
03.04.2020;18.85;78.7223;1334;42.44832;
06.04.2020;17.54;78.7223;1335;42.44832;
07.04.2020;19.41;76.4074;1336;42.44832;
08.04.2020;20.57;75.455;1337;42.44832;
09.04.2020;18.32;75.7499;1338;42.44832;
14.04.2020;18.43;73.5245;1339;42.44832;
15.04.2020;15.38;73.315;1340;42.44832;
16.04.2020;14.38;73.7145;1341;42.44832;
17.04.2020;15.75;74.7119;1342;42.44832;
20.04.2020;15.09;74.7119;1343;42.44832;
21.04.2020;8.4;74.6657;1344;42.44832;
22.04.2020;12.22;76.2562;1345;42.44832;
23.04.2020;14.74;77.0416;1346;42.44832;
24.04.2020;14.55;75.129;1347;42.44832;
27.04.2020;12.95;75.129;1348;42.44832;
28.04.2020;13.82;74.496;1349;42.44832;
29.04.2020;16.38;74.5706;1350;42.44832;
30.04.2020;18.78;73.6894;1351;42.44832;
01.05.2020;18.81;72.7263;1352;42.44832;
04.05.2020;19.69;72.7263;1353;42.44832;
05.05.2020;24.83;72.7263;1354;42.44832;
06.05.2020;24.06;72.7263;1355;42.44832;
07.05.2020;25.92;73.9719;1356;42.44832;
11.05.2020;26.18;73.9719;1357;42.44832;
12.05.2020;26.96;73.9719;1358;42.44832;
13.05.2020;28.9;73.4326;1359;42.44832;
14.05.2020;29.22;73.5819;1360;42.44832;
15.05.2020;30.62;73.9298;1361;42.44832;
18.05.2020;34.53;73.9298;1362;42.44832;
19.05.2020;33.45;72.9798;1363;42.44832;
20.05.2020;35.75;72.3918;1364;42.44832;
21.05.2020;35.78;72.3381;1365;42.44832;
22.05.2020;34.41;70.924;1366;42.44832;
26.05.2020;34.52;71.5962;1367;42.44832;
27.05.2020;34.16;71.1408;1368;42.44832;
28.05.2020;35.05;71.0635;1369;42.44832;
29.05.2020;35.46;71.1012;1370;42.44832;
01.06.2020;37.64;71.1012;1371;42.44832;
02.06.2020;39.35;69.7114;1372;42.44832;
03.06.2020;39.39;68.9831;1373;42.44832;
04.06.2020;39.46;68.3413;1374;42.44832;
05.06.2020;42.79;69.0151;1375;42.44832;
08.06.2020;41.92;69.0151;1376;42.44832;
09.06.2020;41.72;68.3123;1377;42.44832;
10.06.2020;42.15;68.6745;1378;42.44832;
11.06.2020;39.88;68.6183;1379;42.44832;
12.06.2020;40.25;69.1219;1380;42.44832;
15.06.2020;40.49;69.1219;1381;42.44832;
16.06.2020;42.05;70.395;1382;42.44832;
17.06.2020;42.22;69.7524;1383;42.44832;
18.06.2020;44.15;69.4822;1384;42.44832;
19.06.2020;45.39;69.618;1385;42.44832;
22.06.2020;45.43;69.618;1386;42.44832;
23.06.2020;46.17;69.4835;1387;42.44832;
24.06.2020;43.16;68.8376;1388;42.44832;
25.06.2020;43.43;68.8376;1389;42.44832;
26.06.2020;43.17;69.466;1390;42.44832;
29.06.2020;43.77;69.466;1391;42.44832;
30.06.2020;44.16;69.9513;1392;42.44832;
01.07.2020;44.42;70.4413;1393;42.44832;
02.07.2020;44.82;70.4413;1394;42.44832;
03.07.2020;44.72;70.5198;1395;42.44832;
06.07.2020;45.11;70.5198;1396;42.44832;
07.07.2020;44.62;71.3409;1397;42.44832;
08.07.2020;44.47;72.1719;1398;42.44832;
09.07.2020;43.42;71.2379;1399;42.44832;
10.07.2020;43.97;70.88;1400;42.44832;
13.07.2020;44.98;70.88;1401;42.44832;
14.07.2020;44.78;70.7479;1402;42.44832;
15.07.2020;45.36;71.1275;1403;42.44832;
16.07.2020;45.6;70.7998;1404;42.44832;
17.07.2020;45.13;71.231;1405;42.44832;
20.07.2020;44.61;71.231;1406;42.44832;
21.07.2020;45.41;71.9628;1407;42.44832;
22.07.2020;44.12;70.9668;1408;42.44832;
23.07.2020;44.45;70.7881;1409;42.44832;
24.07.2020;43.86;70.963;1410;42.44832;
27.07.2020;43.25;70.963;1411;42.44832;
28.07.2020;43.87;71.585;1412;42.44832;
29.07.2020;44.34;71.9196;1413;42.44832;
30.07.2020;42.92;72.2348;1414;42.44832;
31.07.2020;43.57;73.3633;1415;42.44832;
03.08.2020;44.25;73.3633;1416;42.44832;
04.08.2020;44.33;74.1586;1417;42.44832;
05.08.2020;46.15;73.3806;1418;42.44832;
06.08.2020;45.64;73.2806;1419;42.44832;
07.08.2020;44.67;73.0397;1420;42.44832;
10.08.2020;44.49;73.0397;1421;42.44832;
11.08.2020;44.7;73.775;1422;42.44832;
12.08.2020;44.95;73.1522;1423;42.44832;
13.08.2020;45;73.2351;1424;42.44832;
14.08.2020;44.7;73.6067;1425;42.44832;
17.08.2020;44.58;73.6067;1426;42.44832;
18.08.2020;45.17;72.9676;1427;42.44832;
19.08.2020;45.09;73.4321;1428;42.44832;
20.08.2020;44.34;73.2392;1429;42.44832;
21.08.2020;43.39;73.7711;1430;42.44832;
24.08.2020;44.18;73.7711;1431;42.44832;
25.08.2020;46.06;74.4184;1432;42.44832;
26.08.2020;45.79;74.5126;1433;42.44832;
27.08.2020;44.59;75.5379;1434;42.44832;
28.08.2020;45.1;75.2354;1435;42.44832;
01.09.2020;45.78;73.8039;1436;42.44832;
02.09.2020;44.78;73.5849;1437;42.44832;
03.09.2020;41.84;73.8588;1438;42.44832;
04.09.2020;41.2;75.468;1439;42.44832;
07.09.2020;40.53;75.468;1440;42.44832;
08.09.2020;38.47;75.591;1441;42.44832;
09.09.2020;39.85;75.9645;1442;42.44832;
10.09.2020;39.55;76.0713;1443;42.44832;
11.09.2020;38.98;75.5274;1444;42.44832;
14.09.2020;38.44;75.5274;1445;42.44832;
15.09.2020;39.01;74.7148;1446;42.44832;
16.09.2020;40.78;75.1884;1447;42.44832;
17.09.2020;42.24;74.9278;1448;42.44832;
18.09.2020;42.28;75.1941;1449;42.44832;
21.09.2020;40.03;75.1941;1450;42.44832;
22.09.2020;40.85;76.0381;1451;42.44832;
23.09.2020;41.35;76.2711;1452;42.44832;
24.09.2020;40.86;76.3545;1453;42.44832;
25.09.2020;41.14;77.178;1454;42.44832;
28.09.2020;41.69;77.178;1455;42.44832;
29.09.2020;40.66;78.6713;1456;42.44832;
30.09.2020;40.49;79.6845;1457;42.44832;
01.10.2020;39.44;78.7847;1458;42.44832;
02.10.2020;38.8;77.2774;1459;42.44832;
05.10.2020;39.92;77.2774;1460;42.44832;
06.10.2020;41.01;78.1281;1461;42.44832;
07.10.2020;40.25;78.5119;1462;42.44832;
08.10.2020;41.61;78.0921;1463;42.44832;
09.10.2020;41.98;77.9157;1464;42.44832;
12.10.2020;40.55;77.9157;1465;42.44832;
13.10.2020;41.39;77.0239;1466;42.44832;
14.10.2020;41.7;77.2855;1467;42.44832;
15.10.2020;41.02;77.2759;1468;42.44832;
16.10.2020;41.53;77.9461;1469;42.44832;
19.10.2020;41.77;77.9461;1470;42.44832;
20.10.2020;40.99;77.9241;1471;42.44832;
21.10.2020;40.27;77.778;1472;42.44832;
22.10.2020;41.68;77.0322;1473;42.44832;
23.10.2020;41.41;77.0809;1474;42.44832;
26.10.2020;39.84;77.0809;1475;42.44832;
27.10.2020;40.58;76.4443;1476;42.44832;
28.10.2020;38.69;76.4556;1477;42.44832;
29.10.2020;36.98;77.552;1478;42.44832;
30.10.2020;37.12;78.8699;1479;42.44832;
02.11.2020;37.24;78.8699;1480;42.44832;
03.11.2020;38.79;80.5749;1481;42.44832;
04.11.2020;39.94;80.0006;1482;42.44832;
05.11.2020;40.25;80.0006;1483;42.44832;
06.11.2020;39.13;78.4559;1484;42.44832;
09.11.2020;42;78.4559;1485;42.44832;
10.11.2020;42.5;76.9515;1486;42.44832;
11.11.2020;43.91;76.3978;1487;42.44832;
12.11.2020;43.39;76.2075;1488;42.44832;
13.11.2020;42.51;77.1148;1489;42.44832;
16.11.2020;43.8;77.1148;1490;42.44832;
17.11.2020;42.86;76.9197;1491;42.44832;
18.11.2020;43.81;76.253;1492;42.44832;
19.11.2020;43.64;75.9268;1493;42.44832;
20.11.2020;44.06;76.2627;1494;42.44832;
23.11.2020;45.55;76.2627;1495;42.44832;
24.11.2020;47.48;75.76;1496;42.44832;
25.11.2020;47.63;75.8146;1497;42.44832;
26.11.2020;47.17;75.4727;1498;42.44832;
27.11.2020;47.59;75.4518;1499;42.44832;
30.11.2020;46.92;75.4518;1500;42.44832;
01.12.2020;47.91;76.1999;1501;42.44832;
02.12.2020;48.7;76.3203;1502;42.44832;
03.12.2020;49.13;75.6151;1503;42.44832;
04.12.2020;49.88;75.1996;1504;42.44832;
07.12.2020;49.05;75.1996;1505;42.44832;
08.12.2020;49.01;74.2506;1506;42.44832;
09.12.2020;48.84;73.6618;1507;42.44832;
10.12.2020;51.1;73.3057;1508;42.44832;
11.12.2020;50.19;73.7124;1509;42.44832;
14.12.2020;49.68;73.7124;1510;42.44832;
15.12.2020;50.92;72.9272;1511;42.44832;
16.12.2020;50.57;73.4453;1512;42.44832;
17.12.2020;51.25;73.4201;1513;42.44832;
18.12.2020;52.2;72.9781;1514;42.44832;
21.12.2020;50.02;72.9781;1515;42.44832;
22.12.2020;50.3;74.6721;1516;42.44832;
23.12.2020;51.36;75.3498;1517;42.44832;
24.12.2020;50.69;75.4571;1518;42.44832;
29.12.2020;50.81;73.7175;1519;42.44832;
30.12.2020;50.64;73.6567;1520;42.44832;
31.12.2020;50.97;73.8757;1521;42.44832;
01.01.2021;50.97;73.8757;1522;43.2972864;
04.01.2021;50.37;73.8757;1523;43.2972864;
05.01.2021;52.66;73.8757;1524;43.2972864;
06.01.2021;54.36;73.8757;1525;43.2972864;
07.01.2021;54.08;73.8757;1526;43.2972864;
08.01.2021;55.12;73.8757;1527;43.2972864;
11.01.2021;54.95;73.8757;1528;43.2972864;
12.01.2021;56.09;74.5157;1529;43.2972864;
13.01.2021;55.9;74.2663;1530;43.2972864;
14.01.2021;55.16;73.5264;1531;43.2972864;
15.01.2021;54.73;73.7961;1532;43.2972864;
18.01.2021;54.6;73.7961;1533;43.2972864;
19.01.2021;55.63;73.9735;1534;43.2972864;
20.01.2021;56.08;73.7243;1535;43.2972864;
21.01.2021;55.67;73.355;1536;43.2972864;
22.01.2021;55.21;73.3694;1537;43.2972864;
25.01.2021;55.03;73.3694;1538;43.2972864;
26.01.2021;55.76;74.8569;1539;43.2972864;
27.01.2021;56.09;75.6354;1540;43.2972864;
28.01.2021;55.52;75.04;1541;43.2972864;
29.01.2021;55.81;76.1854;1542;43.2972864;
01.02.2021;56.45;76.1854;1543;43.2972864;
02.02.2021;57.91;75.5053;1544;43.2972864;
03.02.2021;58.71;75.9051;1545;43.2972864;
04.02.2021;58.65;76.0801;1546;43.2972864;
05.02.2021;59.7;75.7293;1547;43.2972864;
08.02.2021;59.68;75.7293;1548;43.2972864;
09.02.2021;59.76;74.2602;1549;43.2972864;
10.02.2021;60.64;74.1192;1550;43.2972864;
11.02.2021;60.78;73.8526;1551;43.2972864;
12.02.2021;60.86;73.7579;1552;43.2972864;
15.02.2021;62.95;73.7579;1553;43.2972864;
16.02.2021;62.56;73.3092;1554;43.2972864;
17.02.2021;63.36;73.2895;1555;43.2972864;
18.02.2021;63.56;73.7669;1556;43.2972864;
19.02.2021;62.5;73.7755;1557;43.2972864;
22.02.2021;62.95;73.7755;1558;43.2972864;
23.02.2021;64.03;73.7755;1559;43.2972864;
24.02.2021;65.56;73.7755;1560;43.2972864;
25.02.2021;66;73.7532;1561;43.2972864;
26.02.2021;64.92;73.4747;1562;43.2972864;
01.03.2021;64.55;73.4747;1563;43.2972864;
02.03.2021;62.69;74.0448;1564;43.2972864;
03.03.2021;63.44;74.5755;1565;43.2972864;
04.03.2021;66.43;73.5187;1566;43.2972864;
05.03.2021;68.07;73.7864;1567;43.2972864;
08.03.2021;67.4;73.7864;1568;43.2972864;
09.03.2021;65.86;73.7864;1569;43.2972864;
10.03.2021;65.45;74.264;1570;43.2972864;
11.03.2021;67.9;74.0393;1571;43.2972864;
12.03.2021;67.61;73.4996;1572;43.2972864;
15.03.2021;66.91;73.4996;1573;43.2972864;
16.03.2021;66.05;73.2317;1574;43.2972864;
17.03.2021;65.64;72.9619;1575;43.2972864;
18.03.2021;63.33;73.1019;1576;43.2972864;
19.03.2021;62.09;73.6582;1577;43.2972864;
22.03.2021;62.29;73.6582;1578;43.2972864;
23.03.2021;60.21;74.6085;1579;43.2972864;
24.03.2021;62.16;75.3585;1580;43.2972864;
25.03.2021;59.89;76.1535;1581;43.2972864;
26.03.2021;62.35;76.1741;1582;43.2972864;
29.03.2021;61.74;76.1741;1583;43.2972864;
30.03.2021;62.05;75.8287;1584;43.2972864;
31.03.2021;61.63;75.7023;1585;43.2972864;
01.04.2021;60.35;75.6373;1586;43.2972864;
05.04.2021;60.35;75.6373;1587;43.2972864;
06.04.2021;60.25;76.6052;1588;43.2972864;
07.04.2021;58.75;76.3802;1589;43.2972864;
08.04.2021;59.73;77.773;1590;43.2972864;
09.04.2021;60.06;77.1011;1591;43.2972864;
12.04.2021;60.68;77.1011;1592;43.2972864;
13.04.2021;61.03;77.5104;1593;43.2972864;
14.04.2021;63.79;77.2535;1594;43.2972864;
15.04.2021;63.75;75.6826;1595;43.2972864;
16.04.2021;63.94;76.9808;1596;43.2972864;
19.04.2021;64.39;76.9808;1597;43.2972864;
20.04.2021;62.45;76.2491;1598;43.2972864;
21.04.2021;62.56;76.0155;1599;43.2972864;
22.04.2021;63.12;76.8198;1600;43.2972864;
23.04.2021;63.62;76.4217;1601;43.2972864;
26.04.2021;63.53;76.4217;1602;43.2972864;
27.04.2021;63.67;74.768;1603;43.2972864;
28.04.2021;65.44;74.9578;1604;43.2972864;
29.04.2021;65.95;74.939;1605;43.2972864;
30.04.2021;65.69;74.3823;1606;43.2972864;
04.05.2021;67.22;74.3823;1607;43.2972864;
05.05.2021;68.44;75.2567;1608;43.2972864;
06.05.2021;67.13;74.8617;1609;43.2972864;
07.05.2021;66.67;74.577;1610;43.2972864;
10.05.2021;66.43;74.577;1611;43.2972864;
11.05.2021;66.71;74.577;1612;43.2972864;
12.05.2021;68.53;74.1567;1613;43.2972864;
13.05.2021;66.31;74.04;1614;43.2972864;
14.05.2021;67.51;74.3566;1615;43.2972864;
17.05.2021;67.91;74.3566;1616;43.2972864;
18.05.2021;68.06;73.8537;1617;43.2972864;
19.05.2021;64.82;73.6992;1618;43.2972864;
20.05.2021;64.86;73.6778;1619;43.2972864;
21.05.2021;65.25;73.6007;1620;43.2972864;
24.05.2021;66.64;73.6007;1621;43.2972864;
25.05.2021;67.03;73.5266;1622;43.2972864;
26.05.2021;67.28;73.3963;1623;43.2972864;
27.05.2021;67.36;73.4737;1624;43.2972864;
28.05.2021;67.74;73.458;1625;43.2972864;
01.06.2021;68.81;73.2965;1626;43.2972864;
02.06.2021;68.91;73.2411;1627;43.2972864;
03.06.2021;68.88;73.4979;1628;43.2972864;
04.06.2021;69.8;73.2636;1629;43.2972864;
07.06.2021;69.58;73.2636;1630;43.2972864;
08.06.2021;68.9;72.9294;1631;43.2972864;
09.06.2021;69.5;72.8256;1632;43.2972864;
10.06.2021;69.66;72.0829;1633;43.2972864;
11.06.2021;70.01;72.1974;1634;43.2972864;
14.06.2021;70.73;72.1974;1635;43.2972864;
15.06.2021;71.21;72.1974;1636;43.2972864;
16.06.2021;72.54;71.8318;1637;43.2972864;
17.06.2021;71.02;72.0323;1638;43.2972864;
18.06.2021;71.21;72.5048;1639;43.2972864;
